<excellenttaste_db>
  <!-- Tabel subgerecht -->
    <subgerecht>
        <gerechtcode>nag</gerechtcode>
        <subgerechtcode>ijn</subgerechtcode>
        <prijsverhoging>10</prijsverhoging>
    </subgerecht>
    <subgerecht>
        <gerechtcode>hap</gerechtcode>
        <subgerechtcode>koh</subgerechtcode>
        <prijsverhoging>10</prijsverhoging>
    </subgerecht>
    <subgerecht>
        <gerechtcode>vog</gerechtcode>
        <subgerechtcode>kov</subgerechtcode>
        <prijsverhoging>10</prijsverhoging>
    </subgerecht>
    <subgerecht>
        <gerechtcode>nag</gerechtcode>
        <subgerechtcode>mon</subgerechtcode>
        <prijsverhoging>5</prijsverhoging>
    </subgerecht>
    <subgerecht>
        <gerechtcode>hog</gerechtcode>
        <subgerechtcode>veh</subgerechtcode>
        <prijsverhoging>2</prijsverhoging>
    </subgerecht>
    <subgerecht>
        <gerechtcode>hog</gerechtcode>
        <subgerechtcode>vih</subgerechtcode>
        <prijsverhoging>5</prijsverhoging>
    </subgerecht>
    <subgerecht>
        <gerechtcode>hog</gerechtcode>
        <subgerechtcode>vlh</subgerechtcode>
        <prijsverhoging>10</prijsverhoging>
    </subgerecht>
    <subgerecht>
        <gerechtcode>hap</gerechtcode>
        <subgerechtcode>wah</subgerechtcode>
        <prijsverhoging>10</prijsverhoging>
    </subgerecht>
    <subgerecht>
        <gerechtcode>vog</gerechtcode>
        <subgerechtcode>wav</subgerechtcode>
        <prijsverhoging>5</prijsverhoging>
    </subgerecht>
    <subgerecht>
        <gerechtcode>drk</gerechtcode>
        <subgerechtcode>wdk</subgerechtcode>
        <prijsverhoging>5</prijsverhoging>
    </subgerecht>
    <subgerecht>
        <gerechtcode>drk</gerechtcode>
        <subgerechtcode>wik</subgerechtcode>
        <prijsverhoging>15</prijsverhoging>
    </subgerecht>
</excellenttaste_db>
